"Date","Price","Open","High","Low","Vol.","Change %"
"06/16/2023","3,236.00","3,257.00","3,269.00","3,212.00","31.03K","-0.80%"
"06/15/2023","3,262.00","3,220.00","3,271.00","3,204.00","40.56K","2.29%"
"06/14/2023","3,189.00","3,182.00","3,225.00","3,142.00","22.39K","0.09%"
"06/13/2023","3,186.00","3,141.00","3,261.00","3,141.00","20.20K","1.59%"
"06/12/2023","3,136.00","3,170.00","3,188.00","3,129.00","17.95K","-1.38%"
"06/09/2023","3,180.00","3,162.00","3,182.00","3,142.00","27.19K","0.98%"
"06/08/2023","3,149.00","3,104.00","3,169.00","3,090.00","26.98K","1.48%"
"06/07/2023","3,103.00","3,038.00","3,109.00","3,028.00","43.64K","1.90%"
"06/06/2023","3,045.00","3,063.00","3,096.00","3,040.00","52.11K","-0.36%"
"06/05/2023","3,056.00","3,020.00","3,065.00","3,002.00","28.78K","0.99%"
"06/02/2023","3,026.00","3,003.00","3,034.00","2,991.00","25.53K","0.60%"
"06/01/2023","3,008.00","3,017.00","3,047.00","3,002.00","34.42K","0.03%"
"05/31/2023","3,007.00","3,000.00","3,031.00","2,993.00","26.45K","0.07%"
"05/30/2023","3,005.00","2,991.00","3,028.00","2,991.00","19.32K","0.47%"
"05/26/2023","2,991.00","3,017.00","3,038.00","2,988.00","25.35K","-0.86%"
"05/25/2023","3,017.00","3,008.00","3,028.00","2,992.00","16.18K","0.23%"
"05/24/2023","3,010.00","3,010.00","3,034.00","2,985.00","19.26K","-0.20%"
"05/23/2023","3,016.00","3,021.00","3,049.00","3,009.00","16.99K","-0.23%"
"05/22/2023","3,023.00","3,074.00","3,079.00","3,019.00","24.53K","-1.47%"
"05/19/2023","3,068.00","2,988.00","3,074.00","2,971.00","31.23K","2.57%"
"05/18/2023","2,991.00","3,000.00","3,030.00","2,985.00","21.18K","-0.30%"
"05/17/2023","3,000.00","2,989.00","3,012.00","2,968.00","14.46K","0.17%"
"05/16/2023","2,995.00","2,980.00","3,008.00","2,974.00","19.38K","-5.22%"
"05/15/2023","3,160.00","2,975.00","2,991.00","2,945.00","21.30K","-2.05%"
"05/12/2023","3,226.00","3,244.00","3,279.00","3,244.00","0.05K","-0.49%"
"05/11/2023","3,242.00","3,269.00","3,269.00","3,200.00","0.01K","-0.55%"
"05/10/2023","3,260.00","3,269.00","3,277.00","3,263.00","0.01K","0.96%"
"05/09/2023","3,229.00","3,235.00","3,242.00","3,235.00","0.01K","1.57%"
"05/08/2023","3,179.00","3,188.00","3,195.00","3,178.00","0.00K","2.25%"
"05/05/2023","3,109.00","2,918.00","2,946.00","2,911.00","19.97K","1.87%"
"05/04/2023","3,052.00","2,867.00","2,926.00","2,862.00","24.20K","1.26%"
"05/03/2023","3,014.00","3,100.00","3,101.00","2,988.00","0.04K","-3.71%"
"05/02/2023","3,130.00","3,125.00","3,125.00","3,125.00","0.01K","-1.29%"
"05/01/2023","3,171.00","3,200.00","3,200.00","3,200.00","0.02K","-0.09%"
"04/28/2023","3,174.00","3,137.00","3,178.00","3,137.00","0.01K","0.76%"
"04/27/2023","3,150.00","3,171.00","3,171.00","3,171.00","0.01K","-0.82%"
"04/26/2023","3,176.00","3,165.00","3,189.00","3,164.00","0.02K","0.86%"
"04/25/2023","3,149.00","3,200.00","3,200.00","3,117.00","0.04K","-1.69%"
"04/24/2023","3,203.00","3,207.00","3,209.00","3,152.00","0.11K","1.01%"
"04/21/2023","3,171.00","3,103.00","3,221.00","3,074.00","3.09K","2.72%"
"04/20/2023","3,087.00","3,079.00","3,103.00","3,057.00","8.69K","0.26%"
"04/19/2023","3,079.00","3,066.00","3,085.00","3,038.00","9.11K","0.82%"
"04/18/2023","3,054.00","3,015.00","3,072.00","2,991.00","9.88K","1.70%"
"04/17/2023","3,003.00","2,979.00","3,013.00","2,974.00","9.77K","0.64%"
"04/14/2023","2,984.00","3,002.00","3,043.00","2,964.00","11.07K","-0.60%"
"04/13/2023","3,002.00","2,982.00","3,017.00","2,960.00","13.41K","1.62%"
"04/12/2023","2,954.00","2,978.00","2,998.00","2,941.00","21.05K","-1.04%"
"04/11/2023","2,985.00","2,923.00","2,994.00","2,920.00","45.87K","2.16%"
"04/10/2023","2,922.00","2,919.00","2,934.00","2,864.00","28.42K","0.10%"
"04/06/2023","2,919.00","2,919.00","2,936.00","2,902.00","59.23K","0.55%"
"04/05/2023","2,903.00","2,921.00","2,922.00","2,886.00","36.59K","-0.38%"
"04/04/2023","2,914.00","2,867.00","2,925.00","2,858.00","40.76K","1.60%"
"04/03/2023","2,868.00","2,927.00","2,929.00","2,851.00","35.39K","-2.22%"
"03/31/2023","2,933.00","2,917.00","2,963.00","2,905.00","29.95K","0.55%"
"03/30/2023","2,917.00","2,873.00","2,927.00","2,848.00","36.61K","1.28%"
"03/29/2023","2,880.00","2,900.00","2,903.00","2,874.00","21.73K","-0.72%"
"03/28/2023","2,901.00","2,903.00","2,922.00","2,888.00","23.74K","-0.03%"
"03/27/2023","2,902.00","2,881.00","2,923.00","2,867.00","28.45K","0.62%"
"03/24/2023","2,884.00","2,851.00","2,892.00","2,849.00","25.49K","0.56%"
"03/23/2023","2,868.00","2,873.00","2,888.00","2,843.00","34.48K","-0.21%"
"03/22/2023","2,874.00","2,816.00","2,878.00","2,816.00","39.68K","2.02%"
"03/21/2023","2,817.00","2,788.00","2,823.00","2,781.00","32.44K","1.15%"
"03/20/2023","2,785.00","2,715.00","2,796.00","2,713.00","33.31K","1.72%"
"03/17/2023","2,738.00","2,695.00","2,746.00","2,695.00","32.96K","3.01%"
"03/16/2023","2,658.00","2,624.00","2,691.00","2,618.00","35.89K","2.78%"
"03/15/2023","2,586.00","2,655.00","2,658.00","2,604.00","32.31K","-1.60%"
"03/14/2023","2,628.00","2,606.00","2,606.00","2,600.00","0.01K","0.57%"
"03/13/2023","2,613.00","2,696.00","2,696.00","2,639.00","39.17K","-2.28%"
"03/10/2023","2,674.00","2,675.00","2,678.00","2,638.00","0.00K","-2.12%"
"03/09/2023","2,732.00","2,728.00","2,743.00","2,719.00","17.49K","0.11%"
"03/08/2023","2,729.00","2,750.00","2,763.00","2,722.00","19.19K","-0.98%"
"03/07/2023","2,756.00","2,789.00","2,795.00","2,739.00","20.58K","-1.25%"
"03/06/2023","2,791.00","2,774.00","2,804.00","2,744.00","21.67K","2.23%"
"03/03/2023","2,730.00","2,744.00","2,749.00","2,720.00","0.00K","-1.09%"
"03/02/2023","2,760.00","2,769.00","2,815.00","2,730.00","0.06K","-1.43%"
"03/01/2023","2,800.00","2,830.00","2,831.00","2,830.00","0.00K","1.89%"
"02/28/2023","2,748.00","2,757.00","2,804.00","2,748.00","21.68K","1.22%"
"02/27/2023","2,715.00","2,743.00","2,793.00","2,735.00","22.65K","-1.20%"
"02/24/2023","2,748.00","2,768.00","2,778.00","2,738.00","18.96K","-0.79%"
"02/23/2023","2,770.00","2,767.00","2,788.00","2,746.00","19.70K","-0.32%"
"02/22/2023","2,779.00","2,786.00","2,799.00","2,759.00","24.04K","1.72%"
"02/21/2023","2,732.00","2,738.00","2,760.00","2,717.00","6.29K","0.37%"
"02/17/2023","2,722.00","2,715.00","2,750.00","2,710.00","4.35K","0.81%"
"02/16/2023","2,700.00","2,702.00","2,735.00","2,674.00","6.29K","0.30%"
"02/15/2023","2,692.00","2,653.00","2,730.00","2,646.00","7.39K","2.71%"
"02/14/2023","2,621.00","2,630.00","2,660.00","2,605.00","5.30K","0.00%"
"02/13/2023","2,621.00","2,583.00","2,634.00","2,580.00","9.41K","2.22%"
"02/10/2023","2,564.00","2,575.00","2,587.00","2,530.00","9.36K","-0.54%"
"02/09/2023","2,578.00","2,573.00","2,599.00","2,546.00","13.70K","-0.04%"
"02/08/2023","2,579.00","2,592.00","2,602.00","2,570.00","26.28K","-0.08%"
"02/07/2023","2,581.00","2,576.00","2,589.00","2,544.00","38.59K","0.16%"
"02/06/2023","2,577.00","2,569.00","2,595.00","2,546.00","29.97K","0.31%"
"02/03/2023","2,569.00","2,580.00","2,580.00","2,540.00","32.30K","-0.54%"
"02/02/2023","2,583.00","2,587.00","2,610.00","2,577.00","21.04K","-0.35%"
"02/01/2023","2,592.00","2,572.00","2,630.00","2,570.00","25.95K","0.43%"
"01/31/2023","2,581.00","2,606.00","2,607.00","2,570.00","26.85K","-1.15%"
"01/30/2023","2,611.00","2,627.00","2,656.00","2,591.00","22.44K","-0.61%"
"01/27/2023","2,627.00","2,618.00","2,640.00","2,612.00","14.66K","-0.08%"
"01/26/2023","2,629.00","2,597.00","2,645.00","2,596.00","18.02K","1.43%"
"01/25/2023","2,592.00","2,596.00","2,614.00","2,579.00","16.67K","0.27%"
"01/24/2023","2,585.00","2,596.00","2,615.00","2,576.00","17.77K","-0.88%"
"01/23/2023","2,608.00","2,573.00","2,626.00","2,564.00","25.40K","1.52%"
"01/20/2023","2,569.00","2,556.00","2,576.00","2,507.00","43.77K","-0.04%"
"01/19/2023","2,570.00","2,610.00","2,616.00","2,562.00","29.89K","-1.91%"
"01/18/2023","2,620.00","2,650.00","2,665.00","2,616.00","19.65K","-0.80%"
"01/17/2023","2,641.00","2,642.00","2,675.00","2,621.00","23.49K","-0.38%"
"01/13/2023","2,651.00","2,651.00","2,669.00","2,631.00","16.03K","0.42%"
"01/12/2023","2,640.00","2,641.00","2,665.00","2,620.00","15.75K","0.27%"
"01/11/2023","2,633.00","2,602.00","2,641.00","2,593.00","19.50K","1.11%"
"01/10/2023","2,604.00","2,686.00","2,686.00","2,602.00","32.10K","-3.20%"
"01/09/2023","2,690.00","2,623.00","2,699.00","2,621.00","30.61K","3.26%"
"01/06/2023","2,605.00","2,616.00","2,618.00","2,572.00","20.20K","-0.46%"
"01/05/2023","2,617.00","2,607.00","2,640.00","2,602.00","21.33K","0.54%"
"01/04/2023","2,603.00","2,574.00","2,614.00","2,566.00","16.84K","1.21%"
"01/03/2023","2,572.00","2,587.00","2,594.00","2,535.00","24.33K","-1.08%"
"12/30/2022","2,600.00","2,587.00","2,606.00","2,569.00","14.62K","0.85%"
"12/29/2022","2,578.00","2,610.00","2,614.00","2,562.00","19.32K","-1.64%"
"12/28/2022","2,621.00","2,624.00","2,671.00","2,604.00","20.88K","-0.46%"
"12/27/2022","2,633.00","2,630.00","2,662.00","2,616.00","16.56K","0.19%"
"12/23/2022","2,628.00","2,613.00","2,651.00","2,609.00","26.05K","0.84%"
"12/22/2022","2,606.00","2,534.00","2,626.00","2,524.00","36.69K","3.04%"
"12/21/2022","2,529.00","2,498.00","2,537.00","2,485.00","18.70K","1.24%"
"12/20/2022","2,498.00","2,496.00","2,532.00","2,487.00","19.14K","-0.04%"
"12/19/2022","2,499.00","2,474.00","2,519.00","2,469.00","17.82K","0.97%"
"12/16/2022","2,475.00","2,510.00","2,517.00","2,468.00","22.07K","-1.67%"
"12/15/2022","2,517.00","2,520.00","2,544.00","2,509.00","15.07K","1.74%"
"12/14/2022","2,474.00","2,536.00","2,541.00","2,516.00","16.49K","-0.68%"
"12/13/2022","2,491.00","2,502.00","2,557.00","2,502.00","25.11K","1.59%"
"12/12/2022","2,452.00","2,489.00","2,512.00","2,477.00","18.40K","-0.08%"
"12/09/2022","2,454.00","2,544.00","2,570.00","2,500.00","25.09K","-1.52%"
"12/08/2022","2,492.00","2,500.00","2,552.00","2,493.00","18.52K","2.05%"
"12/07/2022","2,442.00","2,456.00","2,456.00","2,456.00","0.00K","0.21%"
"12/06/2022","2,437.00","2,479.00","2,509.00","2,475.00","17.84K","0.21%"
"12/05/2022","2,432.00","2,529.00","2,539.00","2,470.00","21.89K","-2.29%"
"12/02/2022","2,489.00","2,497.00","2,497.00","2,497.00","0.00K","0.69%"
"12/01/2022","2,472.00","2,504.00","2,542.00","2,489.00","25.28K","0.86%"
"11/30/2022","2,451.00","2,461.00","2,502.00","2,455.00","20.17K","0.74%"
"11/29/2022","2,433.00","2,489.00","2,506.00","2,455.00","21.59K","-0.21%"
"11/28/2022","2,438.00","2,435.00","2,446.00","2,435.00","0.00K","0.04%"
"11/25/2022","2,437.00","2,422.00","2,428.00","2,389.00","0.03K","1.67%"
"11/23/2022","2,397.00","2,380.00","2,403.00","2,380.00","0.01K","0.67%"
"11/22/2022","2,381.00","2,390.00","2,410.00","2,364.00","2.13K","-0.25%"
"11/21/2022","2,387.00","2,403.00","2,415.00","2,358.00","3.67K","-1.04%"
"11/18/2022","2,412.00","2,446.00","2,453.00","2,392.00","8.69K","-0.66%"
"11/17/2022","2,428.00","2,495.00","2,497.00","2,425.00","12.73K","-3.00%"
"11/16/2022","2,503.00","2,500.00","2,515.00","2,477.00","5.90K","0.12%"
"11/15/2022","2,500.00","2,498.00","2,559.00","2,497.00","8.69K","0.12%"
"11/14/2022","2,497.00","2,504.00","2,517.00","2,487.00","14.38K","-0.91%"
"11/11/2022","2,520.00","2,568.00","2,580.00","2,510.00","13.93K","-1.49%"
"11/10/2022","2,558.00","2,530.00","2,572.00","2,515.00","14.72K","1.03%"
"11/09/2022","2,532.00","2,506.00","2,549.00","2,506.00","26.41K","-0.20%"
"11/08/2022","2,537.00","2,516.00","2,541.00","2,494.00","45.29K","1.24%"
"11/07/2022","2,506.00","2,442.00","2,523.00","2,436.00","81.38K","2.96%"
"11/04/2022","2,434.00","2,388.00","2,459.00","2,378.00","50.01K","2.61%"
"11/03/2022","2,372.00","2,362.00","2,382.00","2,349.00","24.76K","-0.29%"
"11/02/2022","2,379.00","2,355.00","2,390.00","2,353.00","30.59K","1.32%"
"11/01/2022","2,348.00","2,339.00","2,354.00","2,317.00","24.45K","0.56%"
"10/31/2022","2,335.00","2,297.00","2,355.00","2,295.00","27.99K","1.43%"
"10/28/2022","2,302.00","2,303.00","2,330.00","2,287.00","24.58K","-0.52%"
"10/27/2022","2,314.00","2,284.00","2,324.00","2,279.00","22.13K","1.58%"
"10/26/2022","2,278.00","2,295.00","2,321.00","2,275.00","25.37K","-0.78%"
"10/25/2022","2,296.00","2,323.00","2,328.00","2,279.00","28.51K","-1.75%"
"10/24/2022","2,337.00","2,320.00","2,348.00","2,317.00","21.13K","1.34%"
"10/21/2022","2,306.00","2,308.00","2,319.00","2,287.00","17.00K","-0.95%"
"10/20/2022","2,328.00","2,305.00","2,333.00","2,300.00","18.25K","0.87%"
"10/19/2022","2,308.00","2,304.00","2,313.00","2,275.00","28.39K","0.13%"
"10/18/2022","2,305.00","2,338.00","2,343.00","2,303.00","27.37K","-1.50%"
"10/17/2022","2,340.00","2,366.00","2,395.00","2,322.00","33.77K","-1.56%"
"10/14/2022","2,377.00","2,388.00","2,407.00","2,371.00","26.34K","-0.34%"
"10/13/2022","2,385.00","2,316.00","2,388.00","2,309.00","31.66K","2.89%"
"10/12/2022","2,318.00","2,349.00","2,362.00","2,312.00","23.70K","-1.24%"
"10/11/2022","2,347.00","2,353.00","2,388.00","2,342.00","23.90K","-0.47%"
"10/10/2022","2,358.00","2,395.00","2,412.00","2,356.00","23.85K","-1.59%"
"10/07/2022","2,396.00","2,390.00","2,405.00","2,373.00","22.40K","0.97%"
"10/06/2022","2,373.00","2,402.00","2,422.00","2,367.00","33.72K","-0.79%"
"10/05/2022","2,392.00","2,368.00","2,403.00","2,364.00","36.06K","1.36%"
"10/04/2022","2,360.00","2,334.00","2,382.00","2,325.00","31.03K","0.98%"
"10/03/2022","2,337.00","2,358.00","2,377.00","2,321.00","30.03K","-0.72%"
"09/30/2022","2,354.00","2,340.00","2,375.00","2,330.00","29.00K","1.16%"
"09/29/2022","2,327.00","2,300.00","2,333.00","2,299.00","24.44K","1.97%"
"09/28/2022","2,282.00","2,270.00","2,308.00","2,248.00","22.82K","-0.17%"
"09/27/2022","2,286.00","2,252.00","2,290.00","2,241.00","24.91K","1.92%"
"09/26/2022","2,243.00","2,225.00","2,281.00","2,192.00","36.43K","-0.18%"
"09/23/2022","2,247.00","2,310.00","2,315.00","2,242.00","39.31K","-3.19%"
"09/22/2022","2,321.00","2,350.00","2,360.00","2,316.00","22.48K","-1.32%"
"09/21/2022","2,352.00","2,347.00","2,373.00","2,335.00","15.25K","-0.13%"
"09/20/2022","2,355.00","2,370.00","2,395.00","2,340.00","24.91K","-0.59%"
"09/19/2022","2,369.00","2,350.00","2,395.00","2,344.00","15.72K","0.38%"
"09/16/2022","2,360.00","2,360.00","2,375.00","2,328.00","22.01K","-2.16%"
"09/15/2022","2,412.00","2,313.00","2,380.00","2,309.00","32.21K","4.33%"
"09/14/2022","2,312.00","2,350.00","2,359.00","2,300.00","29.20K","-1.62%"
"09/13/2022","2,350.00","2,381.00","2,385.00","2,342.00","19.89K","-1.51%"
"09/12/2022","2,386.00","2,372.00","2,388.00","2,339.00","22.43K","1.10%"
"09/09/2022","2,360.00","2,339.00","2,380.00","2,335.00","22.21K","1.37%"
"09/08/2022","2,328.00","2,343.00","2,354.00","2,320.00","30.18K","-0.94%"
"09/07/2022","2,350.00","2,369.00","2,383.00","2,333.00","24.82K","-0.80%"
"09/06/2022","2,369.00","2,413.00","2,429.00","2,355.00","35.12K","-1.95%"
"09/02/2022","2,416.00","2,372.00","2,419.00","2,358.00","22.33K","2.03%"
"09/01/2022","2,368.00","2,402.00","2,414.00","2,360.00","30.26K","-1.86%"
"08/31/2022","2,413.00","2,409.00","2,436.00","2,390.00","21.60K","0.21%"
"08/30/2022","2,408.00","2,412.00","2,432.00","2,399.00","17.23K","-0.08%"
"08/29/2022","2,410.00","2,410.00","2,424.00","2,379.00","13.70K","-0.12%"
"08/26/2022","2,413.00","2,419.00","2,427.00","2,395.00","15.72K","-0.17%"
"08/25/2022","2,417.00","2,395.00","2,429.00","2,383.00","28.75K","0.79%"
"08/24/2022","2,398.00","2,348.00","2,402.00","2,325.00","33.40K","3.45%"
"08/23/2022","2,318.00","2,356.00","2,372.00","2,314.00","29.53K","-1.61%"
"08/22/2022","2,356.00","2,374.00","2,398.00","2,339.00","26.16K","-0.76%"
"08/19/2022","2,374.00","2,400.00","2,414.00","2,365.00","26.91K","-1.98%"
"08/18/2022","2,422.00","2,428.00","2,454.00","2,400.00","24.13K","0.04%"
"08/17/2022","2,421.00","2,363.00","2,432.00","2,351.00","29.95K","2.15%"
"08/16/2022","2,370.00","2,391.00","2,395.00","2,360.00","24.51K","-1.29%"
"08/15/2022","2,401.00","2,400.00","2,424.00","2,390.00","16.85K","0.29%"
"08/12/2022","2,394.00","2,432.00","2,435.00","2,385.00","26.15K","-2.33%"
"08/11/2022","2,451.00","2,444.00","2,469.00","2,429.00","38.31K","0.53%"
"08/10/2022","2,438.00","2,404.00","2,458.00","2,402.00","51.27K","1.41%"
"08/09/2022","2,404.00","2,387.00","2,408.00","2,371.00","49.48K","1.01%"
"08/08/2022","2,380.00","2,341.00","2,388.00","2,335.00","38.24K","1.67%"
"08/05/2022","2,341.00","2,398.00","2,404.00","2,336.00","57.23K","-1.97%"
"08/04/2022","2,388.00","2,329.00","2,396.00","2,314.00","48.92K","2.23%"
"08/03/2022","2,336.00","2,388.00","2,388.00","2,326.00","28.09K","-2.26%"
"08/02/2022","2,390.00","2,386.00","2,419.00","2,376.00","19.09K","0.00%"
"08/01/2022","2,390.00","2,374.00","2,410.00","2,367.00","18.47K","0.72%"
"07/29/2022","2,373.00","2,365.00","2,390.00","2,352.00","23.35K","0.38%"
"07/28/2022","2,364.00","2,415.00","2,430.00","2,359.00","17.60K","-1.25%"
"07/27/2022","2,394.00","2,430.00","2,443.00","2,378.00","17.56K","-1.68%"
"07/26/2022","2,435.00","2,410.00","2,442.00","2,408.00","21.65K","1.12%"
"07/25/2022","2,408.00","2,336.00","2,410.00","2,325.00","19.27K","3.08%"
"07/22/2022","2,336.00","2,344.00","2,357.00","2,327.00","11.15K","-0.34%"
"07/21/2022","2,344.00","2,395.00","2,395.00","2,337.00","12.94K","-2.46%"
"07/20/2022","2,403.00","2,390.00","2,420.00","2,385.00","12.60K","0.88%"
"07/19/2022","2,382.00","2,355.00","2,388.00","2,342.00","9.76K","0.68%"
"07/18/2022","2,366.00","2,374.00","2,377.00","2,337.00","8.93K","0.42%"
"07/15/2022","2,356.00","2,297.00","2,365.00","2,295.00","11.90K","4.85%"
"07/14/2022","2,247.00","2,302.00","2,305.00","2,236.00","38.25K","-2.43%"
"07/13/2022","2,303.00","2,360.00","2,380.00","2,290.00","22.67K","-2.17%"
"07/12/2022","2,354.00","2,370.00","2,375.00","2,337.00","14.86K","-0.80%"
"07/11/2022","2,373.00","2,319.00","2,384.00","2,319.00","25.40K","2.37%"
"07/08/2022","2,318.00","2,347.00","2,353.00","2,313.00","18.37K","-1.53%"
"07/07/2022","2,354.00","2,350.00","2,394.00","2,342.00","22.70K","-0.08%"
"07/06/2022","2,356.00","2,332.00","2,373.00","2,327.00","27.23K","1.77%"
"07/05/2022","2,315.00","2,304.00","2,331.00","2,275.00","27.89K","0.04%"
"07/01/2022","2,314.00","2,328.00","2,338.00","2,293.00","29.06K","-1.11%"
"06/30/2022","2,340.00","2,376.00","2,379.00","2,330.00","26.55K","-1.10%"
"06/29/2022","2,366.00","2,402.00","2,403.00","2,362.00","19.83K","-1.50%"
"06/28/2022","2,402.00","2,402.00","2,432.00","2,399.00","15.84K","-0.33%"
"06/27/2022","2,410.00","2,450.00","2,460.00","2,396.00","18.03K","-0.90%"
"06/24/2022","2,432.00","2,433.00","2,467.00","2,420.00","15.67K","-0.04%"
"06/23/2022","2,433.00","2,444.00","2,472.00","2,425.00","21.05K","-0.77%"
"06/22/2022","2,452.00","2,455.00","2,464.00","2,417.00","22.41K","-0.65%"
"06/21/2022","2,468.00","2,450.00","2,476.00","2,445.00","35.00K","1.44%"
"06/17/2022","2,433.00","2,385.00","2,444.00","2,376.00","31.33K","2.36%"
"06/16/2022","2,377.00","2,374.00","2,384.00","2,350.00","27.39K","0.00%"
"06/15/2022","2,377.00","2,367.00","2,387.00","2,344.00","24.11K","0.42%"
"06/14/2022","2,367.00","2,383.00","2,391.00","2,355.00","22.17K","-0.55%"
"06/13/2022","2,380.00","2,416.00","2,420.00","2,358.00","46.83K","-2.14%"
"06/10/2022","2,432.00","2,470.00","2,487.00","2,426.00","33.46K","-1.66%"
"06/09/2022","2,473.00","2,487.00","2,514.00","2,458.00","44.06K","-0.84%"
"06/08/2022","2,494.00","2,507.00","2,516.00","2,475.00","36.24K","-0.52%"
"06/07/2022","2,507.00","2,519.00","2,534.00","2,493.00","33.18K","-0.48%"
"06/06/2022","2,519.00","2,515.00","2,537.00","2,505.00","29.57K","0.56%"
"06/03/2022","2,505.00","2,513.00","2,557.00","2,489.00","17.67K","-0.20%"
"06/02/2022","2,510.00","2,547.00","2,559.00","2,502.00","16.53K","-1.22%"
"06/01/2022","2,541.00","2,516.00","2,554.00","2,514.00","18.62K","1.03%"
"05/31/2022","2,515.00","2,519.00","2,534.00","2,497.00","11.85K","1.33%"
"05/27/2022","2,482.00","2,482.00","2,494.00","2,468.00","9.14K","0.00%"
"05/26/2022","2,482.00","2,420.00","2,491.00","2,420.00","25.45K","2.01%"
"05/25/2022","2,433.00","2,460.00","2,470.00","2,417.00","21.09K","-1.30%"
"05/24/2022","2,465.00","2,460.00","2,478.00","2,450.00","10.79K","-0.32%"
"05/23/2022","2,473.00","2,452.00","2,489.00","2,452.00","10.68K","0.82%"
"05/20/2022","2,453.00","2,486.00","2,495.00","2,430.00","14.79K","-1.09%"
"05/19/2022","2,480.00","2,485.00","2,492.00","2,463.00","15.74K","-0.56%"
"05/18/2022","2,494.00","2,528.00","2,528.00","2,481.00","10.92K","-1.42%"
"05/17/2022","2,530.00","2,526.00","2,543.00","2,508.00","8.73K","0.36%"
"05/16/2022","2,521.00","2,495.00","2,536.00","2,488.00","8.64K","2.11%"
"05/13/2022","2,469.00","2,435.00","2,476.00","2,411.00","21.28K","1.48%"
"05/12/2022","2,433.00","2,465.00","2,465.00","2,421.00","23.73K","-2.25%"
"05/11/2022","2,489.00","2,455.00","2,504.00","2,455.00","24.48K","1.80%"
"05/10/2022","2,445.00","2,451.00","2,465.00","2,429.00","19.02K","-0.41%"
"05/09/2022","2,455.00","2,479.00","2,479.00","2,428.00","30.87K","-1.48%"
"05/06/2022","2,492.00","2,511.00","2,514.00","2,459.00","30.16K","-0.76%"
"05/05/2022","2,511.00","2,580.00","2,584.00","2,505.00","30.54K","-2.67%"
"05/04/2022","2,580.00","2,606.00","2,633.00","2,565.00","22.61K","-1.04%"
"05/03/2022","2,607.00","2,603.00","2,646.00","2,572.00","34.24K","0.12%"
"05/02/2022","2,604.00","2,570.00","2,610.00","2,563.00","17.06K","1.44%"
"04/29/2022","2,567.00","2,574.00","2,595.00","2,560.00","18.45K","0.00%"
"04/28/2022","2,567.00","2,534.00","2,574.00","2,530.00","22.14K","1.18%"
"04/27/2022","2,537.00","2,524.00","2,544.00","2,497.00","23.57K","1.20%"
"04/26/2022","2,507.00","2,505.00","2,524.00","2,478.00","23.07K","0.80%"
"04/25/2022","2,487.00","2,529.00","2,535.00","2,482.00","26.87K","-2.62%"
"04/22/2022","2,554.00","2,575.00","2,577.00","2,516.00","32.95K","-1.47%"
"04/21/2022","2,592.00","2,604.00","2,617.00","2,565.00","21.98K","-0.04%"
"04/20/2022","2,593.00","2,584.00","2,624.00","2,572.00","23.72K","0.50%"
"04/19/2022","2,580.00","2,593.00","2,597.00","2,552.00","20.69K","0.08%"
"04/18/2022","2,578.00","2,624.00","2,624.00","2,565.00","19.87K","-2.20%"
"04/14/2022","2,636.00","2,641.00","2,653.00","2,620.00","14.72K","0.34%"
"04/13/2022","2,627.00","2,630.00","2,664.00","2,607.00","19.58K","-0.27%"
"04/12/2022","2,634.00","2,670.00","2,688.00","2,618.00","17.92K","-1.24%"
"04/11/2022","2,667.00","2,677.00","2,700.00","2,637.00","24.59K","-0.26%"
"04/08/2022","2,674.00","2,639.00","2,695.00","2,632.00","26.09K","1.79%"
"04/07/2022","2,627.00","2,625.00","2,638.00","2,595.00","23.22K","0.84%"
"04/06/2022","2,605.00","2,597.00","2,631.00","2,580.00","27.38K","0.62%"
"04/05/2022","2,589.00","2,608.00","2,636.00","2,583.00","26.68K","-0.92%"
"04/04/2022","2,613.00","2,640.00","2,688.00","2,600.00","26.65K","-1.06%"
"04/01/2022","2,641.00","2,683.00","2,683.00","2,637.00","16.92K","-1.71%"
"03/31/2022","2,687.00","2,676.00","2,712.00","2,654.00","12.83K","0.04%"
"03/30/2022","2,686.00","2,670.00","2,707.00","2,612.00","12.83K","0.49%"
"03/29/2022","2,673.00","2,636.00","2,675.00","2,632.00","8.87K","1.40%"
"03/28/2022","2,636.00","2,591.00","2,656.00","2,587.00","7.16K","1.38%"
"03/25/2022","2,600.00","2,595.00","2,627.00","2,574.00","10.72K","-0.61%"
"03/24/2022","2,616.00","2,664.00","2,679.00","2,593.00","11.56K","-1.51%"
"03/23/2022","2,656.00","2,618.00","2,664.00","2,614.00","13.01K","1.61%"
"03/22/2022","2,614.00","2,552.00","2,621.00","2,552.00","11.40K","2.43%"
"03/21/2022","2,552.00","2,561.00","2,576.00","2,529.00","6.33K","-0.62%"
"03/18/2022","2,568.00","2,539.00","2,583.00","2,522.00","10.38K","1.26%"
"03/17/2022","2,536.00","2,564.00","2,581.00","2,487.00","17.61K","0.16%"
"03/16/2022","2,532.00","2,530.00","2,537.00","2,511.00","15.99K","0.40%"
"03/15/2022","2,522.00","2,603.00","2,607.00","2,489.00","36.82K","-3.41%"
"03/14/2022","2,611.00","2,630.00","2,650.00","2,606.00","15.28K","-0.34%"
"03/11/2022","2,620.00","2,665.00","2,684.00","2,612.00","19.22K","-2.35%"
"03/10/2022","2,683.00","2,670.00","2,710.00","2,647.00","22.12K","0.75%"
"03/09/2022","2,663.00","2,630.00","2,670.00","2,594.00","14.70K","1.02%"
"03/08/2022","2,636.00","2,638.00","2,674.00","2,617.00","20.33K","0.00%"
"03/07/2022","2,636.00","2,602.00","2,641.00","2,599.00","20.70K","0.61%"
"03/04/2022","2,620.00","2,562.00","2,622.00","2,549.00","27.11K","2.26%"
"03/03/2022","2,562.00","2,530.00","2,570.00","2,506.00","24.29K","1.30%"
"03/02/2022","2,529.00","2,537.00","2,565.00","2,506.00","27.15K","0.32%"
"03/01/2022","2,521.00","2,520.00","2,547.00","2,471.00","40.43K","-0.32%"
"02/28/2022","2,529.00","2,585.00","2,590.00","2,515.00","28.31K","-3.25%"
"02/25/2022","2,614.00","2,621.00","2,643.00","2,601.00","14.36K","-0.08%"
"02/24/2022","2,616.00","2,636.00","2,640.00","2,578.00","29.33K","-1.80%"
"02/23/2022","2,664.00","2,660.00","2,698.00","2,647.00","18.51K","0.30%"
"02/22/2022","2,656.00","2,623.00","2,663.00","2,611.00","22.08K","0.61%"
"02/18/2022","2,640.00","2,656.00","2,668.00","2,626.00","16.47K","-0.56%"
"02/17/2022","2,655.00","2,670.00","2,706.00","2,651.00","21.15K","-0.60%"
"02/16/2022","2,671.00","2,730.00","2,744.00","2,669.00","20.73K","-1.87%"
"02/15/2022","2,722.00","2,741.00","2,753.00","2,716.00","20.77K","-0.33%"
"02/14/2022","2,731.00","2,780.00","2,780.00","2,727.00","23.58K","-2.85%"
"02/11/2022","2,811.00","2,810.00","2,825.00","2,771.00","27.81K","-0.78%"
"02/10/2022","2,833.00","2,800.00","2,838.00","2,792.00","26.87K","1.14%"
"02/09/2022","2,801.00","2,728.00","2,811.00","2,721.00","43.94K","2.79%"
"02/08/2022","2,725.00","2,700.00","2,734.00","2,686.00","25.71K","1.49%"
"02/07/2022","2,685.00","2,717.00","2,737.00","2,677.00","38.33K","-1.43%"
"02/04/2022","2,724.00","2,705.00","2,732.00","2,703.00","35.15K","1.26%"
"02/03/2022","2,690.00","2,669.00","2,701.00","2,643.00","16.73K","0.67%"
"02/02/2022","2,672.00","2,658.00","2,685.00","2,655.00","24.96K","0.45%"
"02/01/2022","2,660.00","2,581.00","2,667.00","2,580.00","26.54K","3.26%"
"01/31/2022","2,576.00","2,555.00","2,583.00","2,544.00","15.65K","1.18%"
"01/28/2022","2,546.00","2,500.00","2,551.00","2,496.00","13.44K","1.60%"
"01/27/2022","2,506.00","2,539.00","2,548.00","2,495.00","19.45K","-2.11%"
"01/26/2022","2,560.00","2,557.00","2,586.00","2,547.00","11.74K","0.23%"
"01/25/2022","2,554.00","2,556.00","2,575.00","2,544.00","13.52K","0.16%"
"01/24/2022","2,550.00","2,623.00","2,627.00","2,548.00","17.57K","-3.00%"
"01/21/2022","2,629.00","2,667.00","2,682.00","2,627.00","18.12K","-2.70%"
"01/20/2022","2,702.00","2,703.00","2,733.00","2,685.00","13.99K","0.00%"
"01/19/2022","2,702.00","2,675.00","2,722.00","2,656.00","12.97K","0.86%"
"01/18/2022","2,679.00","2,705.00","2,713.00","2,670.00","23.82K","-0.70%"
"01/14/2022","2,698.00","2,664.00","2,725.00","2,664.00","17.26K","1.85%"
"01/13/2022","2,649.00","2,605.00","2,664.00","2,605.00","13.80K","2.04%"
"01/12/2022","2,596.00","2,625.00","2,640.00","2,588.00","16.10K","-0.80%"
"01/11/2022","2,617.00","2,567.00","2,634.00","2,549.00","17.80K","2.39%"
"01/10/2022","2,556.00","2,540.00","2,572.00","2,531.00","11.21K","0.24%"
"01/07/2022","2,550.00","2,481.00","2,563.00","2,479.00","11.23K","3.41%"
"01/06/2022","2,466.00","2,497.00","2,497.00","2,454.00","10.52K","-1.40%"
"01/05/2022","2,501.00","2,525.00","2,525.00","2,463.00","12.28K","-0.04%"
"01/04/2022","2,502.00","2,538.00","2,558.00","2,490.00","12.65K","-1.38%"
"01/03/2022","2,537.00","2,575.00","2,585.00","2,511.00","6.44K","-0.63%"
"12/31/2021","2,553.00","2,588.00","2,591.00","2,547.00","7.71K","-1.28%"
"12/30/2021","2,586.00","2,539.00","2,597.00","2,533.00","8.23K","1.57%"
"12/29/2021","2,546.00","2,514.00","2,550.00","2,497.00","5.32K","1.15%"
"12/28/2021","2,517.00","2,500.00","2,525.00","2,492.00","3.54K","1.00%"
"12/27/2021","2,492.00","2,496.00","2,515.00","2,467.00","2.14K","-0.52%"
"12/23/2021","2,505.00","2,504.00","2,535.00","2,479.00","4.34K","0.32%"
"12/22/2021","2,497.00","2,500.00","2,520.00","2,485.00","6.17K","0.40%"
"12/21/2021","2,487.00","2,465.00","2,500.00","2,451.00","6.37K","1.26%"
"12/20/2021","2,456.00","2,500.00","2,507.00","2,449.00","8.25K","-2.89%"
"12/17/2021","2,529.00","2,565.00","2,571.00","2,510.00","7.03K","-1.56%"
"12/16/2021","2,569.00","2,578.00","2,584.00","2,519.00","8.74K","0.86%"
"12/15/2021","2,547.00","2,512.00","2,553.00","2,482.00","16.73K","1.72%"
"12/14/2021","2,504.00","2,536.00","2,548.00","2,494.00","19.01K","-1.11%"
"12/13/2021","2,532.00","2,475.00","2,536.00","2,469.00","21.54K","2.68%"
"12/10/2021","2,466.00","2,451.00","2,475.00","2,434.00","10.96K","0.61%"
"12/09/2021","2,451.00","2,469.00","2,477.00","2,416.00","17.08K","-0.77%"
"12/08/2021","2,470.00","2,485.00","2,493.00","2,462.00","12.40K","-0.60%"
"12/07/2021","2,485.00","2,465.00","2,497.00","2,454.00","16.54K","1.02%"
"12/06/2021","2,460.00","2,477.00","2,492.00","2,442.00","18.63K","-0.28%"
"12/03/2021","2,467.00","2,450.00","2,477.00","2,435.00","16.49K","0.57%"
"12/02/2021","2,453.00","2,345.00","2,469.00","2,344.00","35.28K","4.29%"
"12/01/2021","2,352.00","2,364.00","2,377.00","2,333.00","26.72K","0.26%"
"11/30/2021","2,346.00","2,375.00","2,384.00","2,338.00","25.67K","-1.35%"
"11/29/2021","2,378.00","2,403.00","2,425.00","2,372.00","25.41K","-0.75%"
"11/26/2021","2,396.00","2,482.00","2,489.00","2,388.00","35.34K","-4.62%"
"11/24/2021","2,512.00","2,568.00","2,571.00","2,495.00","20.45K","-2.18%"
"11/23/2021","2,568.00","2,588.00","2,598.00","2,557.00","16.23K","-0.77%"
"11/22/2021","2,588.00","2,592.00","2,592.00","2,565.00","12.28K","0.19%"
"11/19/2021","2,583.00","2,578.00","2,593.00","2,545.00","15.49K","-0.23%"
"11/18/2021","2,589.00","2,575.00","2,602.00","2,568.00","14.81K","0.82%"
"11/17/2021","2,568.00","2,561.00","2,586.00","2,545.00","19.91K","0.59%"
"11/16/2021","2,553.00","2,535.00","2,563.00","2,517.00","18.90K","0.83%"
"11/15/2021","2,532.00","2,531.00","2,557.00","2,521.00","17.18K","0.28%"
"11/12/2021","2,525.00","2,535.00","2,535.00","2,510.00","17.37K","-0.47%"
"11/11/2021","2,537.00","2,514.00","2,542.00","2,498.00","25.17K","0.91%"
"11/10/2021","2,514.00","2,475.00","2,536.00","2,467.00","35.45K","2.03%"
"11/09/2021","2,464.00","2,484.00","2,492.00","2,441.00","35.55K","-0.65%"
"11/08/2021","2,480.00","2,452.00","2,484.00","2,433.00","40.24K","1.31%"
"11/05/2021","2,448.00","2,478.00","2,496.00","2,445.00","43.54K","-1.37%"
"11/04/2021","2,482.00","2,474.00","2,510.00","2,469.00","25.26K","0.36%"
"11/03/2021","2,473.00","2,510.00","2,527.00","2,460.00","38.67K","-1.36%"
"11/02/2021","2,507.00","2,591.00","2,596.00","2,505.00","31.04K","-3.65%"
"11/01/2021","2,602.00","2,586.00","2,604.00","2,557.00","21.53K","0.85%"
"10/29/2021","2,580.00","2,607.00","2,607.00","2,569.00","17.23K","-1.19%"
"10/28/2021","2,611.00","2,634.00","2,651.00","2,605.00","17.77K","-0.87%"
"10/27/2021","2,634.00","2,615.00","2,645.00","2,597.00","15.24K","0.61%"
"10/26/2021","2,618.00","2,632.00","2,652.00","2,607.00","9.78K","-1.13%"
"10/25/2021","2,648.00","2,630.00","2,665.00","2,622.00","15.83K","0.72%"
"10/22/2021","2,629.00","2,613.00","2,642.00","2,569.00","13.64K","1.08%"
"10/21/2021","2,601.00","2,571.00","2,611.00","2,562.00","16.16K","1.56%"
"10/20/2021","2,561.00","2,599.00","2,606.00","2,557.00","19.34K","-1.91%"
"10/19/2021","2,611.00","2,665.00","2,670.00","2,580.00","17.91K","-1.58%"
"10/18/2021","2,653.00","2,647.00","2,676.00","2,628.00","7.67K","0.00%"
"10/15/2021","2,653.00","2,633.00","2,663.00","2,618.00","10.19K","0.80%"
"10/14/2021","2,632.00","2,653.00","2,671.00","2,619.00","15.57K","-0.60%"
"10/13/2021","2,648.00","2,730.00","2,730.00","2,634.00","16.00K","-2.58%"
"10/12/2021","2,718.00","2,725.00","2,749.00","2,707.00","8.37K","-0.26%"
"10/11/2021","2,725.00","2,794.00","2,794.00","2,717.00","14.40K","-2.29%"
"10/08/2021","2,789.00","2,776.00","2,804.00","2,765.00","10.18K","0.87%"
"10/07/2021","2,765.00","2,760.00","2,788.00","2,756.00","7.07K","0.40%"
"10/06/2021","2,754.00","2,790.00","2,790.00","2,725.00","13.94K","-1.36%"
"10/05/2021","2,792.00","2,790.00","2,805.00","2,751.00","15.05K","0.29%"
"10/04/2021","2,784.00","2,740.00","2,812.00","2,735.00","18.89K","1.83%"
"10/01/2021","2,734.00","2,664.00","2,747.00","2,659.00","12.54K","2.13%"
"09/30/2021","2,677.00","2,627.00","2,689.00","2,615.00","12.24K","2.33%"
"09/29/2021","2,616.00","2,595.00","2,631.00","2,589.00","8.51K","1.20%"
"09/28/2021","2,585.00","2,577.00","2,608.00","2,567.00","9.52K","0.35%"
"09/27/2021","2,576.00","2,617.00","2,621.00","2,572.00","9.80K","-1.68%"
"09/24/2021","2,620.00","2,642.00","2,648.00","2,592.00","7.21K","-0.83%"
"09/23/2021","2,642.00","2,680.00","2,682.00","2,637.00","7.31K","-1.34%"
"09/22/2021","2,678.00","2,653.00","2,684.00","2,643.00","7.85K","1.63%"
"09/21/2021","2,635.00","2,634.00","2,664.00","2,624.00","7.25K","0.50%"
"09/20/2021","2,622.00","2,675.00","2,675.00","2,609.00","14.28K","-2.46%"
"09/17/2021","2,688.00","2,684.00","2,695.00","2,661.00","6.11K","0.30%"
"09/16/2021","2,680.00","2,689.00","2,694.00","2,665.00","4.06K","0.64%"
"09/15/2021","2,663.00","2,662.00","2,687.00","2,653.00","16.32K","0.26%"
"09/14/2021","2,656.00","2,645.00","2,669.00","2,625.00","13.34K","0.72%"
"09/13/2021","2,637.00","2,599.00","2,650.00","2,599.00","14.57K","1.31%"
"09/10/2021","2,603.00","2,685.00","2,699.00","2,597.00","26.44K","-2.62%"
"09/09/2021","2,673.00","2,688.00","2,696.00","2,658.00","18.29K","-0.52%"
"09/08/2021","2,687.00","2,707.00","2,717.00","2,670.00","20.92K","-0.63%"
"09/07/2021","2,704.00","2,658.00","2,711.00","2,645.00","26.19K","1.88%"
"09/03/2021","2,654.00","2,621.00","2,666.00","2,619.00","23.78K","1.65%"
"09/02/2021","2,611.00","2,544.00","2,620.00","2,543.00","24.45K","2.88%"
"09/01/2021","2,538.00","2,540.00","2,559.00","2,517.00","18.92K","-0.08%"
"08/31/2021","2,540.00","2,592.00","2,613.00","2,535.00","20.72K","-2.19%"
"08/30/2021","2,597.00","2,575.00","2,604.00","2,575.00","10.09K","0.58%"
"08/27/2021","2,582.00","2,607.00","2,634.00","2,572.00","17.82K","-1.56%"
"08/26/2021","2,623.00","2,608.00","2,626.00","2,598.00","14.55K","0.42%"
"08/25/2021","2,612.00","2,586.00","2,619.00","2,577.00","17.21K","1.63%"
"08/24/2021","2,570.00","2,553.00","2,587.00","2,546.00","19.00K","0.63%"
"08/23/2021","2,554.00","2,566.00","2,606.00","2,543.00","24.56K","-0.51%"
"08/20/2021","2,567.00","2,622.00","2,633.00","2,559.00","28.34K","-2.32%"
"08/19/2021","2,628.00","2,666.00","2,666.00","2,617.00","21.79K","-1.68%"
"08/18/2021","2,673.00","2,656.00","2,681.00","2,650.00","25.01K","0.94%"
"08/17/2021","2,648.00","2,602.00","2,658.00","2,579.00","32.54K","1.57%"
"08/16/2021","2,607.00","2,611.00","2,641.00","2,601.00","33.62K","-0.50%"
"08/13/2021","2,620.00","2,589.00","2,622.00","2,586.00","26.45K","1.47%"
"08/12/2021","2,582.00","2,586.00","2,603.00","2,574.00","36.52K","0.08%"
"08/11/2021","2,580.00","2,532.00","2,587.00","2,525.00","37.01K","1.74%"
"08/10/2021","2,536.00","2,480.00","2,542.00","2,474.00","36.43K","2.26%"
"08/09/2021","2,480.00","2,477.00","2,494.00","2,469.00","37.10K","0.24%"
"08/06/2021","2,474.00","2,455.00","2,483.00","2,443.00","29.45K","0.69%"
"08/05/2021","2,457.00","2,444.00","2,476.00","2,440.00","22.95K","0.49%"
"08/04/2021","2,445.00","2,480.00","2,504.00","2,440.00","28.26K","-1.17%"
"08/03/2021","2,474.00","2,421.00","2,481.00","2,420.00","27.58K","2.19%"
"08/02/2021","2,421.00","2,416.00","2,425.00","2,391.00","17.16K","-0.04%"
"07/30/2021","2,422.00","2,457.00","2,465.00","2,410.00","21.90K","-2.50%"
"07/29/2021","2,484.00","2,474.00","2,499.00","2,453.00","13.62K","0.53%"
"07/28/2021","2,471.00","2,434.00","2,486.00","2,425.00","13.48K","1.35%"
"07/27/2021","2,438.00","2,425.00","2,450.00","2,412.00","13.00K","0.41%"
"07/26/2021","2,428.00","2,364.00","2,451.00","2,364.00","21.39K","2.71%"
"07/23/2021","2,364.00","2,358.00","2,380.00","2,346.00","8.35K","0.13%"
"07/22/2021","2,361.00","2,317.00","2,365.00","2,312.00","12.19K","1.90%"
"07/21/2021","2,317.00","2,308.00","2,337.00","2,304.00","8.93K","0.30%"
"07/20/2021","2,310.00","2,303.00","2,312.00","2,288.00","12.10K","0.52%"
"07/19/2021","2,298.00","2,365.00","2,365.00","2,295.00","16.88K","-3.08%"
"07/16/2021","2,371.00","2,423.00","2,436.00","2,359.00","8.67K","0.08%"
"07/15/2021","2,369.00","2,388.00","2,400.00","2,364.00","12.61K","-1.37%"
"07/14/2021","2,402.00","2,398.00","2,426.00","2,390.00","11.09K","0.13%"
"07/13/2021","2,399.00","2,433.00","2,434.00","2,386.00","16.45K","-1.28%"
"07/12/2021","2,430.00","2,358.00","2,438.00","2,341.00","34.84K","3.54%"
"07/09/2021","2,347.00","2,287.00","2,357.00","2,284.00","19.98K","2.27%"
"07/08/2021","2,295.00","2,296.00","2,307.00","2,268.00","18.05K","-0.04%"
"07/07/2021","2,296.00","2,297.00","2,311.00","2,276.00","15.74K","-0.09%"
"07/06/2021","2,298.00","2,337.00","2,348.00","2,288.00","22.69K","-0.91%"
"07/02/2021","2,319.00","2,355.00","2,375.00","2,313.00","22.94K","-1.49%"
"07/01/2021","2,354.00","2,389.00","2,412.00","2,351.00","19.17K","-1.47%"
"06/30/2021","2,389.00","2,383.00","2,396.00","2,366.00","12.33K","-0.04%"
"06/29/2021","2,390.00","2,380.00","2,407.00","2,359.00","13.88K","0.42%"
"06/28/2021","2,380.00","2,378.00","2,389.00","2,352.00","14.13K","0.00%"
"06/25/2021","2,380.00","2,347.00","2,396.00","2,337.00","17.94K","1.54%"
"06/24/2021","2,344.00","2,366.00","2,367.00","2,334.00","14.92K","-1.06%"
"06/23/2021","2,369.00","2,391.00","2,398.00","2,356.00","11.57K","-1.13%"
"06/22/2021","2,396.00","2,375.00","2,401.00","2,372.00","12.56K","0.76%"
"06/21/2021","2,378.00","2,370.00","2,414.00","2,365.00","19.38K","0.25%"
"06/18/2021","2,372.00","2,386.00","2,404.00","2,364.00","14.35K","-0.38%"
"06/17/2021","2,381.00","2,410.00","2,412.00","2,370.00","21.55K","-1.69%"
"06/16/2021","2,422.00","2,430.00","2,430.00","2,396.00","17.38K","-0.25%"
"06/15/2021","2,428.00","2,436.00","2,440.00","2,416.00","20.90K","-0.78%"
"06/14/2021","2,447.00","2,396.00","2,452.00","2,390.00","28.88K","1.87%"
"06/11/2021","2,402.00","2,431.00","2,434.00","2,391.00","24.66K","-1.27%"
"06/10/2021","2,433.00","2,394.00","2,443.00","2,394.00","27.16K","1.71%"
"06/09/2021","2,392.00","2,422.00","2,434.00","2,386.00","23.80K","-1.08%"
"06/08/2021","2,418.00","2,405.00","2,427.00","2,395.00","35.63K","0.58%"
"06/07/2021","2,404.00","2,449.00","2,450.00","2,401.00","28.68K","-1.96%"
"06/04/2021","2,452.00","2,453.00","2,472.00","2,427.00","17.67K","-0.12%"
"06/03/2021","2,455.00","2,473.00","2,497.00","2,437.00","19.42K","-0.45%"
"06/02/2021","2,466.00","2,462.00","2,478.00","2,448.00","14.53K","-0.04%"
"06/01/2021","2,467.00","2,460.00","2,505.00","2,460.00","24.47K","0.45%"
"05/28/2021","2,456.00","2,477.00","2,477.00","2,452.00","9.72K","-0.49%"
"05/27/2021","2,468.00","2,459.00","2,486.00","2,426.00","15.03K","0.37%"
"05/26/2021","2,459.00","2,439.00","2,470.00","2,439.00","15.85K","1.32%"
"05/25/2021","2,427.00","2,441.00","2,453.00","2,421.00","12.80K","-0.41%"
"05/24/2021","2,437.00","2,490.00","2,530.00","2,433.00","12.73K","-2.48%"
"05/21/2021","2,499.00","2,485.00","2,510.00","2,476.00","8.42K","0.56%"
"05/20/2021","2,485.00","2,518.00","2,523.00","2,468.00","9.43K","-1.23%"
"05/19/2021","2,516.00","2,546.00","2,552.00","2,500.00","9.99K","-1.29%"
"05/18/2021","2,549.00","2,575.00","2,579.00","2,544.00","12.08K","-1.12%"
"05/17/2021","2,578.00","2,516.00","2,590.00","2,516.00","10.15K","2.55%"
"05/14/2021","2,514.00","2,536.00","2,546.00","2,502.00","13.02K","0.48%"
"05/13/2021","2,502.00","2,520.00","2,549.00","2,486.00","18.87K","-0.60%"
"05/12/2021","2,517.00","2,464.00","2,526.00","2,459.00","18.75K","2.07%"
"05/11/2021","2,466.00","2,497.00","2,497.00","2,444.00","30.25K","-1.91%"
"05/10/2021","2,514.00","2,470.00","2,528.00","2,466.00","25.69K","2.07%"
"05/07/2021","2,463.00","2,414.00","2,473.00","2,392.00","20.77K","2.07%"
"05/06/2021","2,413.00","2,398.00","2,434.00","2,382.00","19.51K","0.75%"
"05/05/2021","2,395.00","2,336.00","2,400.00","2,335.00","27.79K","3.06%"
"05/04/2021","2,324.00","2,366.00","2,386.00","2,317.00","30.34K","-1.90%"
"05/03/2021","2,369.00","2,389.00","2,412.00","2,350.00","16.05K","-0.55%"
"04/30/2021","2,382.00","2,489.00","2,497.00","2,378.00","38.14K","-4.68%"
"04/29/2021","2,499.00","2,472.00","2,537.00","2,470.00","19.85K","1.09%"
"04/28/2021","2,472.00","2,457.00","2,480.00","2,453.00","8.02K","-0.24%"
"04/27/2021","2,478.00","2,486.00","2,495.00","2,446.00","15.30K","-0.36%"
"04/26/2021","2,487.00","2,451.00","2,491.00","2,427.00","16.02K","1.51%"
"04/23/2021","2,450.00","2,449.00","2,464.00","2,436.00","9.43K","0.33%"
"04/22/2021","2,442.00","2,439.00","2,460.00","2,417.00","10.97K","0.12%"
"04/21/2021","2,439.00","2,426.00","2,450.00","2,419.00","13.41K","0.83%"
"04/20/2021","2,419.00","2,488.00","2,503.00","2,414.00","21.23K","-2.93%"
"04/19/2021","2,492.00","2,485.00","2,501.00","2,469.00","16.11K","1.14%"
"04/16/2021","2,464.00","2,460.00","2,487.00","2,446.00","15.55K","0.04%"
"04/15/2021","2,463.00","2,454.00","2,485.00","2,444.00","20.75K","0.16%"
"04/14/2021","2,459.00","2,435.00","2,460.00","2,431.00","17.81K","0.74%"
"04/13/2021","2,441.00","2,408.00","2,455.00","2,408.00","25.25K","1.67%"
"04/12/2021","2,401.00","2,387.00","2,419.00","2,373.00","28.73K","0.59%"
"04/09/2021","2,387.00","2,381.00","2,399.00","2,362.00","25.29K","0.13%"
"04/08/2021","2,384.00","2,415.00","2,433.00","2,378.00","28.62K","-1.12%"
"04/07/2021","2,411.00","2,429.00","2,429.00","2,392.00","21.31K","-0.58%"
"04/06/2021","2,425.00","2,386.00","2,430.00","2,381.00","33.90K","2.58%"
"04/05/2021","2,364.00","2,420.00","2,450.00","2,360.00","16.85K","-2.15%"
"04/01/2021","2,416.00","2,392.00","2,436.00","2,388.00","27.41K","1.30%"
"03/31/2021","2,385.00","2,389.00","2,406.00","2,377.00","18.39K","0.04%"
"03/30/2021","2,384.00","2,451.00","2,465.00","2,372.00","31.97K","-3.13%"
"03/29/2021","2,461.00","2,464.00","2,498.00","2,448.00","16.35K","-0.73%"
"03/26/2021","2,479.00","2,487.00","2,493.00","2,458.00","10.90K","0.24%"
"03/25/2021","2,473.00","2,445.00","2,498.00","2,441.00","11.52K","0.82%"
"03/24/2021","2,453.00","2,464.00","2,471.00","2,435.00","12.62K","-0.45%"
"03/23/2021","2,464.00","2,517.00","2,520.00","2,461.00","10.74K","-2.03%"
"03/22/2021","2,515.00","2,488.00","2,524.00","2,480.00","7.80K","0.36%"
"03/19/2021","2,506.00","2,550.00","2,550.00","2,482.00","13.49K","-1.80%"
"03/18/2021","2,552.00","2,534.00","2,567.00","2,534.00","8.12K","0.79%"
"03/17/2021","2,532.00","2,546.00","2,547.00","2,517.00","8.66K","0.24%"
"03/16/2021","2,526.00","2,512.00","2,556.00","2,512.00","14.04K","-0.16%"
"03/15/2021","2,530.00","2,570.00","2,578.00","2,517.00","18.74K","-1.56%"
"03/12/2021","2,570.00","2,580.00","2,584.00","2,553.00","14.73K","-0.89%"
"03/11/2021","2,593.00","2,592.00","2,617.00","2,572.00","17.07K","0.78%"
"03/10/2021","2,573.00","2,540.00","2,585.00","2,539.00","13.91K","0.78%"
"03/09/2021","2,553.00","2,533.00","2,559.00","2,533.00","13.59K","0.79%"
"03/08/2021","2,533.00","2,535.00","2,576.00","2,526.00","21.63K","-0.51%"
"03/05/2021","2,546.00","2,579.00","2,592.00","2,541.00","24.45K","-3.01%"
"03/04/2021","2,625.00","2,636.00","2,640.00","2,590.00","20.25K","-1.20%"
"03/03/2021","2,657.00","2,646.00","2,667.00","2,624.00","18.22K","0.45%"
"03/02/2021","2,645.00","2,607.00","2,654.00","2,589.00","20.47K","0.23%"
"03/01/2021","2,639.00","2,616.00","2,652.00","2,607.00","23.90K","1.34%"
"02/26/2021","2,604.00","2,605.00","2,621.00","2,576.00","28.24K","-0.15%"
"02/25/2021","2,608.00","2,570.00","2,625.00","2,565.00","21.22K","2.15%"
"02/24/2021","2,553.00","2,499.00","2,568.00","2,482.00","20.17K","2.16%"
"02/23/2021","2,499.00","2,505.00","2,507.00","2,470.00","14.18K","0.36%"
"02/22/2021","2,490.00","2,450.00","2,505.00","2,446.00","19.87K","1.92%"
"02/19/2021","2,443.00","2,396.00","2,454.00","2,387.00","20.13K","2.17%"
"02/18/2021","2,391.00","2,386.00","2,424.00","2,381.00","16.49K","0.72%"
"02/17/2021","2,374.00","2,429.00","2,436.00","2,371.00","24.39K","-2.22%"
"02/16/2021","2,428.00","2,465.00","2,470.00","2,401.00","27.57K","-0.21%"
"02/12/2021","2,433.00","2,433.00","2,472.00","2,422.00","23.39K","-0.16%"
"02/11/2021","2,437.00","2,500.00","2,509.00","2,431.00","27.64K","-2.29%"
"02/10/2021","2,494.00","2,440.00","2,520.00","2,436.00","28.91K","2.63%"
"02/09/2021","2,430.00","2,462.00","2,472.00","2,428.00","22.26K","-0.61%"
"02/08/2021","2,445.00","2,473.00","2,476.00","2,433.00","29.27K","-1.09%"
"02/05/2021","2,472.00","2,451.00","2,491.00","2,438.00","30.96K","0.90%"
"02/04/2021","2,450.00","2,453.00","2,481.00","2,440.00","20.23K","-0.16%"
"02/03/2021","2,454.00","2,488.00","2,492.00","2,447.00","21.12K","-1.80%"
"02/02/2021","2,499.00","2,484.00","2,516.00","2,460.00","33.03K","0.56%"
"02/01/2021","2,485.00","2,471.00","2,502.00","2,446.00","13.65K","0.44%"
"01/29/2021","2,474.00","2,454.00","2,483.00","2,449.00","12.80K","0.69%"
"01/28/2021","2,457.00","2,432.00","2,474.00","2,426.00","12.71K","0.41%"
"01/27/2021","2,447.00","2,519.00","2,537.00","2,440.00","11.06K","-1.77%"
"01/26/2021","2,491.00","2,461.00","2,499.00","2,444.00","17.32K","1.05%"
"01/25/2021","2,465.00","2,476.00","2,480.00","2,450.00","11.92K","-0.84%"
"01/22/2021","2,486.00","2,498.00","2,498.00","2,443.00","9.79K","-0.88%"
"01/21/2021","2,508.00","2,524.00","2,528.00","2,495.00","8.15K","-0.63%"
"01/20/2021","2,524.00","2,550.00","2,572.00","2,512.00","12.54K","-0.67%"
"01/19/2021","2,541.00","2,497.00","2,556.00","2,480.00","13.59K","2.38%"
"01/15/2021","2,482.00","2,482.00","2,505.00","2,469.00","10.08K","1.10%"
"01/14/2021","2,455.00","2,451.00","2,469.00","2,425.00","9.33K","-0.08%"
"01/13/2021","2,457.00","2,450.00","2,489.00","2,442.00","9.36K","0.37%"
"01/12/2021","2,448.00","2,432.00","2,463.00","2,430.00","11.42K","0.74%"
"01/11/2021","2,430.00","2,444.00","2,455.00","2,421.00","11.39K","-1.22%"
"01/08/2021","2,460.00","2,484.00","2,502.00","2,445.00","7.00K","-1.13%"
"01/07/2021","2,488.00","2,437.00","2,491.00","2,427.00","8.99K","1.84%"
"01/06/2021","2,443.00","2,469.00","2,491.00","2,430.00","7.44K","-1.05%"
"01/05/2021","2,469.00","2,498.00","2,498.00","2,452.00","7.84K","-1.52%"
"01/04/2021","2,507.00","2,545.00","2,589.00","2,497.00","10.59K","-1.10%"
"12/31/2020","2,535.00","2,530.00","2,550.00","2,485.00","4.87K","0.44%"
"12/30/2020","2,524.00","2,440.00","2,533.00","2,440.00","6.98K","2.98%"
"12/29/2020","2,451.00","2,491.00","2,491.00","2,442.00","5.65K","-1.65%"
"12/28/2020","2,492.00","2,525.00","2,530.00","2,484.00","1.99K","-1.19%"
"12/24/2020","2,522.00","2,498.00","2,527.00","2,472.00","2.31K","1.33%"
"12/23/2020","2,489.00","2,471.00","2,502.00","2,461.00","5.13K","0.77%"
"12/22/2020","2,470.00","2,527.00","2,527.00","2,450.00","6.77K","-1.08%"
"12/21/2020","2,497.00","2,446.00","2,518.00","2,409.00","13.56K","1.01%"
"12/18/2020","2,472.00","2,500.00","2,514.00","2,455.00","5.01K","-0.96%"
"12/17/2020","2,496.00","2,478.00","2,519.00","2,465.00","6.84K","1.26%"
"12/16/2020","2,465.00","2,495.00","2,506.00","2,460.00","5.30K","-2.99%"
"12/15/2020","2,541.00","2,604.00","2,633.00","2,534.00","15.95K","-1.85%"
"12/14/2020","2,589.00","2,639.00","2,653.00","2,581.00","12.68K","-1.26%"
"12/11/2020","2,622.00","2,585.00","2,633.00","2,577.00","15.04K","2.14%"
"12/10/2020","2,567.00","2,549.00","2,584.00","2,522.00","15.74K","0.71%"
"12/09/2020","2,549.00","2,582.00","2,612.00","2,540.00","18.30K","-1.01%"
"12/08/2020","2,575.00","2,636.00","2,648.00","2,557.00","14.69K","-2.31%"
"12/07/2020","2,636.00","2,614.00","2,644.00","2,589.00","14.71K","-0.68%"
"12/04/2020","2,654.00","2,639.00","2,675.00","2,622.00","11.73K","0.11%"
"12/03/2020","2,651.00","2,648.00","2,726.00","2,630.00","16.96K","0.49%"
"12/02/2020","2,638.00","2,655.00","2,664.00","2,612.00","15.63K","-1.97%"
"12/01/2020","2,691.00","2,749.00","2,765.00","2,665.00","23.69K","-1.75%"
"11/30/2020","2,739.00","2,760.00","2,768.00","2,725.00","14.42K","-0.98%"
"11/27/2020","2,766.00","2,766.00","2,782.00","2,701.00","17.67K","1.54%"
"11/25/2020","2,724.00","2,759.00","2,768.00","2,685.00","22.65K","-2.19%"
"11/24/2020","2,785.00","2,774.00","2,821.00","2,752.00","29.99K","1.16%"
"11/23/2020","2,753.00","2,751.00","2,774.00","2,724.00","29.75K","1.51%"
"11/20/2020","2,712.00","2,664.00","2,746.00","2,663.00","33.41K","1.76%"
"11/19/2020","2,665.00","2,598.00","2,670.00","2,576.00","27.63K","3.29%"
"11/18/2020","2,580.00","2,530.00","2,607.00","2,510.00","27.79K","2.50%"
"11/17/2020","2,517.00","2,448.00","2,529.00","2,434.00","37.88K","3.37%"
"11/16/2020","2,435.00","2,409.00","2,464.00","2,405.00","27.19K","2.96%"
"11/13/2020","2,365.00","2,339.00","2,395.00","2,332.00","19.11K","0.38%"
"11/12/2020","2,356.00","2,366.00","2,370.00","2,331.00","18.33K","-0.76%"
"11/11/2020","2,374.00","2,383.00","2,406.00","2,365.00","15.84K","0.72%"
"11/10/2020","2,357.00","2,403.00","2,420.00","2,345.00","27.62K","-1.42%"
"11/09/2020","2,391.00","2,340.00","2,424.00","2,332.00","31.77K","2.27%"
"11/06/2020","2,338.00","2,330.00","2,347.00","2,316.00","20.35K","0.86%"
"11/05/2020","2,318.00","2,308.00","2,327.00","2,284.00","19.92K","1.18%"
"11/04/2020","2,291.00","2,288.00","2,306.00","2,265.00","14.68K","-0.74%"
"11/03/2020","2,308.00","2,263.00","2,312.00","2,263.00","24.43K","1.94%"
"11/02/2020","2,264.00","2,300.00","2,300.00","2,247.00","28.24K","-1.78%"
"10/30/2020","2,305.00","2,340.00","2,353.00","2,292.00","21.53K","-1.41%"
"10/29/2020","2,338.00","2,383.00","2,385.00","2,331.00","14.58K","-1.68%"
"10/28/2020","2,378.00","2,418.00","2,418.00","2,366.00","12.30K","-3.14%"
"10/27/2020","2,455.00","2,500.00","2,502.00","2,430.00","10.04K","-1.48%"
"10/26/2020","2,492.00","2,483.00","2,510.00","2,461.00","11.50K","0.52%"
"10/23/2020","2,479.00","2,471.00","2,506.00","2,469.00","10.60K","0.32%"
"10/22/2020","2,471.00","2,426.00","2,472.00","2,422.00","7.79K","1.85%"
"10/21/2020","2,426.00","2,398.00","2,450.00","2,389.00","10.66K","1.85%"
"10/20/2020","2,382.00","2,418.00","2,418.00","2,370.00","7.41K","-1.57%"
"10/19/2020","2,420.00","2,366.00","2,428.00","2,366.00","10.11K","2.59%"
"10/16/2020","2,359.00","2,333.00","2,365.00","2,333.00","12.11K","0.77%"
"10/15/2020","2,341.00","2,384.00","2,384.00","2,331.00","12.17K","-1.76%"
"10/14/2020","2,383.00","2,372.00","2,398.00","2,354.00","13.21K","0.25%"
"10/13/2020","2,377.00","2,418.00","2,431.00","2,365.00","16.78K","-2.22%"
"10/12/2020","2,431.00","2,422.00","2,438.00","2,405.00","4.77K","0.37%"
"10/09/2020","2,422.00","2,459.00","2,462.00","2,401.00","7.57K","-1.50%"
"10/08/2020","2,459.00","2,449.00","2,474.00","2,440.00","8.27K","0.74%"
"10/07/2020","2,441.00","2,420.00","2,454.00","2,406.00","7.92K","0.54%"
"10/06/2020","2,428.00","2,449.00","2,460.00","2,411.00","8.95K","-0.86%"
"10/05/2020","2,449.00","2,456.00","2,474.00","2,432.00","11.88K","-0.49%"
"10/02/2020","2,461.00","2,465.00","2,482.00","2,425.00","8.36K","-1.05%"
"10/01/2020","2,487.00","2,497.00","2,507.00","2,446.00","12.55K","-1.58%"
"09/30/2020","2,527.00","2,562.00","2,589.00","2,508.00","6.92K","-1.37%"
"09/29/2020","2,562.00","2,561.00","2,575.00","2,520.00","7.81K","-0.12%"
"09/28/2020","2,565.00","2,554.00","2,609.00","2,553.00","8.40K","0.79%"
"09/25/2020","2,545.00","2,592.00","2,598.00","2,528.00","6.66K","-1.17%"
"09/24/2020","2,575.00","2,561.00","2,616.00","2,556.00","7.82K","0.55%"
"09/23/2020","2,561.00","2,537.00","2,578.00","2,529.00","7.80K","0.79%"
"09/22/2020","2,541.00","2,616.00","2,627.00","2,533.00","9.68K","-2.68%"
"09/21/2020","2,611.00","2,630.00","2,679.00","2,590.00","8.92K","-0.46%"
"09/18/2020","2,623.00","2,600.00","2,652.00","2,598.00","6.05K","1.47%"
"09/17/2020","2,585.00","2,583.00","2,658.00","2,563.00","6.63K","-0.15%"
"09/16/2020","2,589.00","2,670.00","2,670.00","2,580.00","10.41K","-3.90%"
"09/15/2020","2,694.00","2,564.00","2,698.00","2,563.00","35.17K","5.40%"
"09/14/2020","2,556.00","2,554.00","2,585.00","2,547.00","12.49K","0.31%"
"09/11/2020","2,548.00","2,537.00","2,569.00","2,529.00","8.93K","0.43%"
"09/10/2020","2,537.00","2,568.00","2,583.00","2,530.00","12.03K","-0.98%"
"09/09/2020","2,562.00","2,558.00","2,572.00","2,539.00","13.99K","0.27%"
"09/08/2020","2,555.00","2,576.00","2,582.00","2,521.00","19.01K","-1.54%"
"09/04/2020","2,595.00","2,634.00","2,654.00","2,586.00","17.52K","-1.48%"
"09/03/2020","2,634.00","2,700.00","2,708.00","2,624.00","17.82K","-1.75%"
"09/02/2020","2,681.00","2,662.00","2,700.00","2,639.00","15.29K","0.56%"
"09/01/2020","2,666.00","2,664.00","2,684.00","2,651.00","19.31K","0.45%"
"08/31/2020","2,654.00","2,626.00","2,673.00","2,626.00","13.98K","1.18%"
"08/28/2020","2,623.00","2,565.00","2,635.00","2,539.00","22.89K","3.31%"
"08/27/2020","2,539.00","2,477.00","2,566.00","2,477.00","19.68K","2.54%"
"08/26/2020","2,476.00","2,500.00","2,509.00","2,452.00","11.30K","-0.44%"
"08/25/2020","2,487.00","2,486.00","2,514.00","2,479.00","13.48K","1.14%"
"08/24/2020","2,459.00","2,408.00","2,475.00","2,402.00","15.67K","2.08%"
"08/21/2020","2,409.00","2,400.00","2,419.00","2,355.00","15.64K","0.38%"
"08/20/2020","2,400.00","2,448.00","2,479.00","2,393.00","14.84K","-2.44%"
"08/19/2020","2,460.00","2,445.00","2,465.00","2,422.00","13.26K","0.61%"
"08/18/2020","2,445.00","2,427.00","2,450.00","2,412.00","13.50K","0.66%"
"08/17/2020","2,429.00","2,446.00","2,460.00","2,415.00","22.11K","-1.02%"
"08/14/2020","2,454.00","2,481.00","2,528.00","2,448.00","28.39K","-1.05%"
"08/13/2020","2,480.00","2,456.00","2,496.00","2,456.00","19.53K","0.61%"
"08/12/2020","2,465.00","2,445.00","2,480.00","2,445.00","18.70K","0.69%"
"08/11/2020","2,448.00","2,475.00","2,475.00","2,427.00","31.25K","-1.61%"
"08/10/2020","2,488.00","2,519.00","2,535.00","2,466.00","31.59K","-1.39%"
"08/07/2020","2,523.00","2,514.00","2,527.00","2,490.00","31.85K","1.16%"
"08/06/2020","2,494.00","2,474.00","2,517.00","2,468.00","31.66K","0.81%"
"08/05/2020","2,474.00","2,446.00","2,482.00","2,446.00","23.63K","1.10%"
"08/04/2020","2,447.00","2,464.00","2,474.00","2,437.00","23.31K","-0.57%"
"08/03/2020","2,461.00","2,399.00","2,474.00","2,392.00","22.86K","2.58%"
"07/31/2020","2,399.00","2,363.00","2,415.00","2,361.00","18.13K","2.30%"
"07/30/2020","2,345.00","2,337.00","2,385.00","2,329.00","14.19K","0.43%"
"07/29/2020","2,335.00","2,291.00","2,350.00","2,287.00","11.57K","2.37%"
"07/28/2020","2,281.00","2,280.00","2,293.00","2,251.00","7.54K","0.09%"
"07/27/2020","2,279.00","2,223.00","2,288.00","2,223.00","10.84K","2.57%"
"07/24/2020","2,222.00","2,190.00","2,243.00","2,190.00","5.92K","0.95%"
"07/23/2020","2,201.00","2,205.00","2,228.00","2,177.00","6.00K","-0.18%"
"07/22/2020","2,205.00","2,188.00","2,221.00","2,165.00","4.35K","1.24%"
"07/21/2020","2,178.00","2,210.00","2,248.00","2,177.00","9.53K","-1.54%"
"07/20/2020","2,212.00","2,174.00","2,221.00","2,148.00","11.03K","1.98%"
"07/17/2020","2,169.00","2,172.00","2,211.00","2,166.00","7.19K","0.37%"
"07/16/2020","2,161.00","2,135.00","2,175.00","2,115.00","12.62K","1.22%"
"07/15/2020","2,135.00","2,163.00","2,174.00","2,126.00","12.84K","-0.93%"
"07/14/2020","2,155.00","2,177.00","2,177.00","2,138.00","11.46K","-1.73%"
"07/13/2020","2,193.00","2,163.00","2,197.00","2,148.00","12.75K","1.53%"
"07/10/2020","2,160.00","2,150.00","2,179.00","2,141.00","11.33K","0.51%"
"07/09/2020","2,149.00","2,122.00","2,150.00","2,097.00","14.21K","2.33%"
"07/08/2020","2,100.00","2,142.00","2,148.00","2,092.00","16.67K","-2.23%"
"07/07/2020","2,148.00","2,148.00","2,163.00","2,130.00","14.50K","-0.19%"
"07/06/2020","2,152.00","2,158.00","2,175.00","2,139.00","18.65K","-1.24%"
"07/02/2020","2,179.00","2,182.00","2,219.00","2,162.00","16.59K","0.46%"
"07/01/2020","2,169.00","2,182.00","2,191.00","2,158.00","18.82K","-0.78%"
"06/30/2020","2,186.00","2,243.00","2,250.00","2,172.00","21.82K","-2.32%"
"06/29/2020","2,238.00","2,279.00","2,279.00","2,223.00","16.85K","-1.71%"
"06/26/2020","2,277.00","2,386.00","2,397.00","2,262.00","21.06K","-4.57%"
"06/25/2020","2,386.00","2,310.00","2,396.00","2,307.00","20.19K","3.47%"
"06/24/2020","2,306.00","2,286.00","2,328.00","2,286.00","9.80K","0.70%"
"06/23/2020","2,290.00","2,274.00","2,316.00","2,249.00","11.38K","0.88%"
"06/22/2020","2,270.00","2,246.00","2,282.00","2,219.00","9.88K","0.80%"
"06/19/2020","2,252.00","2,262.00","2,289.00","2,243.00","10.27K","-0.79%"
"06/18/2020","2,270.00","2,242.00","2,272.00","2,209.00","13.93K","1.79%"
"06/17/2020","2,230.00","2,261.00","2,273.00","2,218.00","13.77K","-1.72%"
"06/16/2020","2,269.00","2,293.00","2,320.00","2,263.00","14.99K","0.13%"
"06/15/2020","2,266.00","2,307.00","2,307.00","2,226.00","20.16K","-2.29%"
"06/12/2020","2,319.00","2,295.00","2,347.00","2,283.00","19.78K","1.22%"
"06/11/2020","2,291.00","2,370.00","2,383.00","2,279.00","26.84K","-4.30%"
"06/10/2020","2,394.00","2,421.00","2,425.00","2,381.00","18.81K","-1.03%"
"06/09/2020","2,419.00","2,373.00","2,439.00","2,368.00","34.63K","1.94%"
"06/08/2020","2,373.00","2,387.00","2,399.00","2,363.00","22.80K","-0.46%"
"06/05/2020","2,384.00","2,397.00","2,405.00","2,381.00","19.91K","0.29%"
"06/04/2020","2,377.00","2,386.00","2,409.00","2,367.00","13.62K","-0.04%"
"06/03/2020","2,378.00","2,395.00","2,412.00","2,354.00","15.71K","-0.17%"
"06/02/2020","2,382.00","2,464.00","2,465.00","2,377.00","17.73K","-2.97%"
"06/01/2020","2,455.00","2,400.00","2,475.00","2,396.00","14.02K","1.95%"
"05/29/2020","2,408.00","2,387.00","2,413.00","2,356.00","12.39K","0.88%"
"05/28/2020","2,387.00","2,306.00","2,394.00","2,306.00","9.81K","2.84%"
"05/27/2020","2,321.00","2,357.00","2,374.00","2,303.00","8.44K","-1.44%"
"05/26/2020","2,355.00","2,351.00","2,401.00","2,351.00","11.65K","0.13%"
"05/22/2020","2,352.00","2,305.00","2,362.00","2,292.00","13.00K","1.60%"
"05/21/2020","2,315.00","2,377.00","2,381.00","2,303.00","10.87K","-2.57%"
"05/20/2020","2,376.00","2,399.00","2,431.00","2,368.00","6.70K","-1.25%"
"05/19/2020","2,406.00","2,376.00","2,416.00","2,369.00","3.77K","1.13%"
"05/18/2020","2,379.00","2,367.00","2,390.00","2,354.00","4.56K","0.17%"
"05/15/2020","2,375.00","2,400.00","2,405.00","2,360.00","4.83K","-0.50%"
"05/14/2020","2,387.00","2,429.00","2,441.00","2,379.00","8.64K","-2.81%"
"05/13/2020","2,456.00","2,400.00","2,466.00","2,379.00","17.53K","2.25%"
"05/12/2020","2,402.00","2,481.00","2,487.00","2,342.00","21.57K","-2.48%"
"05/11/2020","2,463.00","2,395.00","2,474.00","2,388.00","20.03K","2.63%"
"05/08/2020","2,400.00","2,376.00","2,410.00","2,367.00","7.50K","0.80%"
"05/07/2020","2,381.00","2,375.00","2,400.00","2,349.00","12.74K","0.76%"
"05/06/2020","2,363.00","2,368.00","2,383.00","2,332.00","14.59K","-0.63%"
"05/05/2020","2,378.00","2,387.00","2,421.00","2,363.00","12.25K","-0.38%"
"05/04/2020","2,387.00","2,389.00","2,399.00","2,341.00","13.53K","-0.62%"
"05/01/2020","2,402.00","2,408.00","2,422.00","2,386.00","16.43K","-0.50%"
"04/30/2020","2,414.00","2,380.00","2,425.00","2,360.00","19.45K","1.56%"
"04/29/2020","2,377.00","2,356.00","2,384.00","2,351.00","7.92K","1.49%"
"04/28/2020","2,342.00","2,327.00","2,383.00","2,321.00","11.42K","0.52%"
"04/27/2020","2,330.00","2,341.00","2,354.00","2,310.00","9.24K","0.30%"
"04/24/2020","2,323.00","2,355.00","2,360.00","2,309.00","11.27K","-1.69%"
"04/23/2020","2,363.00","2,365.00","2,387.00","2,352.00","13.09K","-0.51%"
"04/22/2020","2,375.00","2,337.00","2,387.00","2,320.00","16.51K","2.46%"
"04/21/2020","2,318.00","2,340.00","2,348.00","2,294.00","11.49K","-1.70%"
"04/20/2020","2,358.00","2,354.00","2,361.00","2,325.00","9.71K","-0.42%"
"04/17/2020","2,368.00","2,265.00","2,369.00","2,258.00","15.89K","4.87%"
"04/16/2020","2,258.00","2,245.00","2,272.00","2,225.00","10.48K","1.30%"
"04/15/2020","2,229.00","2,268.00","2,268.00","2,215.00","15.59K","-2.58%"
"04/14/2020","2,288.00","2,282.00","2,303.00","2,271.00","16.28K","0.70%"
"04/13/2020","2,272.00","2,311.00","2,327.00","2,259.00","13.85K","-1.69%"
"04/09/2020","2,311.00","2,379.00","2,387.00","2,305.00","20.11K","-2.57%"
"04/08/2020","2,372.00","2,390.00","2,395.00","2,360.00","16.75K","-0.84%"
"04/07/2020","2,392.00","2,365.00","2,402.00","2,365.00","27.73K","1.87%"
"04/06/2020","2,348.00","2,269.00","2,367.00","2,269.00","23.57K","3.89%"
"04/03/2020","2,260.00","2,273.00","2,289.00","2,246.00","14.06K","-0.79%"
"04/02/2020","2,278.00","2,251.00","2,282.00","2,236.00","17.25K","1.83%"
"04/01/2020","2,237.00","2,245.00","2,256.00","2,227.00","11.61K","-0.97%"
"03/31/2020","2,259.00","2,270.00","2,275.00","2,243.00","12.97K","-0.53%"
"03/30/2020","2,271.00","2,261.00","2,299.00","2,253.00","12.72K","0.09%"
"03/27/2020","2,269.00","2,265.00","2,278.00","2,242.00","13.36K","0.31%"
"03/26/2020","2,262.00","2,256.00","2,273.00","2,226.00","12.12K","0.18%"
"03/25/2020","2,258.00","2,285.00","2,304.00","2,243.00","11.89K","-0.40%"
"03/24/2020","2,267.00","2,255.00","2,294.00","2,245.00","10.43K","1.12%"
"03/23/2020","2,242.00","2,231.00","2,254.00","2,207.00","11.40K","0.49%"
"03/20/2020","2,231.00","2,255.00","2,277.00","2,201.00","20.48K","0.09%"
"03/19/2020","2,229.00","2,246.00","2,281.00","2,221.00","22.11K","-1.98%"
"03/18/2020","2,274.00","2,312.00","2,347.00","2,263.00","20.47K","-1.69%"
"03/17/2020","2,313.00","2,327.00","2,327.00","2,260.00","20.51K","-0.77%"
"03/16/2020","2,331.00","2,405.00","2,408.00","2,320.00","34.56K","-3.88%"
"03/13/2020","2,425.00","2,500.00","2,510.00","2,423.00","29.74K","-2.81%"
"03/12/2020","2,495.00","2,575.00","2,581.00","2,492.00","29.29K","-4.95%"
"03/11/2020","2,625.00","2,605.00","2,644.00","2,581.00","22.81K","1.86%"
"03/10/2020","2,577.00","2,543.00","2,604.00","2,535.00","29.84K","1.26%"
"03/09/2020","2,545.00","2,536.00","2,573.00","2,509.00","25.68K","-0.62%"
"03/06/2020","2,561.00","2,590.00","2,597.00","2,556.00","23.42K","-1.39%"
"03/05/2020","2,597.00","2,626.00","2,633.00","2,581.00","19.99K","-1.10%"
"03/04/2020","2,626.00","2,646.00","2,661.00","2,620.00","16.69K","-1.02%"
"03/03/2020","2,653.00","2,658.00","2,666.00","2,630.00","20.89K","-0.30%"
"03/02/2020","2,661.00","2,681.00","2,690.00","2,624.00","27.94K","-0.41%"
"02/28/2020","2,672.00","2,718.00","2,725.00","2,646.00","29.46K","-2.66%"
"02/27/2020","2,745.00","2,737.00","2,758.00","2,718.00","18.03K","0.22%"
"02/26/2020","2,739.00","2,792.00","2,799.00","2,727.00","17.66K","-2.39%"
"02/25/2020","2,806.00","2,825.00","2,834.00","2,790.00","13.21K","0.18%"
"02/24/2020","2,801.00","2,819.00","2,824.00","2,771.00","21.17K","-1.48%"
"02/21/2020","2,843.00","2,865.00","2,883.00","2,830.00","13.30K","-0.59%"
"02/20/2020","2,860.00","2,847.00","2,878.00","2,821.00","15.69K","0.46%"
"02/19/2020","2,847.00","2,861.00","2,886.00","2,841.00","14.69K","0.04%"
"02/18/2020","2,846.00","2,899.00","2,903.00","2,827.00","19.87K","-1.39%"
"02/14/2020","2,886.00","2,893.00","2,921.00","2,876.00","14.81K","-0.31%"
"02/13/2020","2,895.00","2,852.00","2,905.00","2,848.00","22.60K","0.94%"
"02/12/2020","2,868.00","2,879.00","2,909.00","2,855.00","29.34K","-0.28%"
"02/11/2020","2,876.00","2,871.00","2,922.00","2,869.00","33.15K","-0.07%"
"02/10/2020","2,878.00","2,898.00","2,930.00","2,871.00","40.67K","-0.69%"
"02/07/2020","2,898.00","2,881.00","2,935.00","2,881.00","46.36K","1.15%"
"02/06/2020","2,865.00","2,793.00","2,876.00","2,788.00","42.43K","1.78%"
"02/05/2020","2,815.00","2,781.00","2,834.00","2,781.00","37.36K","1.22%"
"02/04/2020","2,781.00","2,747.00","2,796.00","2,741.00","26.61K","0.91%"
"02/03/2020","2,756.00","2,774.00","2,796.00","2,736.00","33.92K","-1.61%"
"01/31/2020","2,801.00","2,823.00","2,836.00","2,788.00","24.49K","-1.02%"
"01/30/2020","2,830.00","2,765.00","2,849.00","2,765.00","20.19K","2.76%"
"01/29/2020","2,754.00","2,729.00","2,769.00","2,702.00","12.88K","0.88%"
"01/28/2020","2,730.00","2,763.00","2,789.00","2,708.00","13.09K","-1.05%"
"01/27/2020","2,759.00","2,752.00","2,798.00","2,722.00","13.60K","0.04%"
"01/24/2020","2,758.00","2,795.00","2,812.00","2,753.00","13.04K","-1.15%"
"01/23/2020","2,790.00","2,809.00","2,814.00","2,782.00","15.34K","-1.10%"
"01/22/2020","2,821.00","2,836.00","2,874.00","2,809.00","12.99K","-0.53%"
"01/21/2020","2,836.00","2,819.00","2,846.00","2,796.00","11.48K","0.67%"
"01/17/2020","2,817.00","2,720.00","2,827.00","2,707.00","19.30K","2.96%"
"01/16/2020","2,736.00","2,736.00","2,750.00","2,715.00","16.08K","0.92%"
"01/15/2020","2,711.00","2,678.00","2,744.00","2,664.00","16.09K","1.50%"
"01/14/2020","2,671.00","2,627.00","2,680.00","2,624.00","13.91K","2.65%"
"01/13/2020","2,602.00","2,610.00","2,614.00","2,575.00","12.54K","0.00%"
"01/10/2020","2,602.00","2,570.00","2,617.00","2,568.00","14.95K","1.64%"
"01/09/2020","2,560.00","2,506.00","2,568.00","2,506.00","13.06K","1.99%"
"01/08/2020","2,510.00","2,537.00","2,542.00","2,507.00","11.11K","-1.22%"
"01/07/2020","2,541.00","2,503.00","2,554.00","2,491.00","10.41K","1.76%"
"01/06/2020","2,497.00","2,529.00","2,530.00","2,480.00","10.65K","-1.27%"
"01/03/2020","2,529.00","2,533.00","2,578.00","2,526.00","8.82K","-0.39%"